CHANNEL_ID,CHANNEL_NAME,NO_OF_VIDEOS,SUBSCRIBERS,NO_OF_SHARE
1,Vj Siddhu vlogs,140,1.84M,2000
2,Black Sheep,1100,4.65M,5000
3,parithabangal,736,5.33M,3000
4,Madan Gowri,26000,7.26M,1000
5,Sanvika Shree,330,365K,250
6,Sha Js,67,51.8K,200
7,Media Masons,948,1.43M,2590
8,Error Makes Clever,130,570K,200
9,FeelFreetoLearn,436,376K,890
10,Logic First Tamil,364,169K,400
11,Behindwoods,10000,3.2M,690
12,Gpmuthu Official,952,1.62M,1000
13,Mic Set,172,8.11M,5000
14,Village Cooking Channel,230,24M,9000
15,Nakkalites,1000,5.27M,800
16,Village food factoy,487,4.75M,400
17,Madras Samaiyal,786,5.94,350
18,Minutes Mystery,461,4.93M,600
19,Cyber Tamizha,512,2.41M,100
20,Irfans view,2200,3.9M,270
21,WWE,74000,99.8M,8000
22,Cocomelon,1000,1.72M,700
23,MrBeast,779,241M,600
24,Tech Boss,16000,4.5M,800
25,Poc English,437,2..47M,900
26,Curious Freaks,304,293K,100
27,Mirchi Tamil,1700,1.39M,200
28,Galatta Tamil,80000,8.5M,1000
29,JackSucksAtStuff,683,1.74M,600
30,Nagai 360* Head,1500,2.12M,400
4,Madan Gowri,26000,7.26M,1000
23,MrBeast,779,241M,600
13,Mic Set,172,8.11M,5000
15,Nakkalites,1000,5.27M,800
3,parithabangal,736,5.33M,3000
